"Name","Status"
"AarSvc_13b6e3","Stopped"
"AdobeARMservice","Running"
"ADPSvc","Stopped"
"ALG","Stopped"
"AntiCheatExpert Protection","Stopped"
"AppIDSvc","Stopped"
"Appinfo","Running"
"AppMgmt","Stopped"
"AppReadiness","Stopped"
"AppVClient","Stopped"
"AppXSvc","Running"
"ApxSvc","Stopped"
"AssignedAccessManagerSvc","Stopped"
"AudioEndpointBuilder","Running"
"Audiosrv","Running"
"autotimesvc","Stopped"
"AxInstSV","Stopped"
"battlenet_helpersvc","Stopped"
"BcastDVRUserService_13b6e3","Stopped"
"BDESVC","Stopped"
"BEService","Stopped"
"BFE","Running"
"BITS","Stopped"
"BluetoothUserService_13b6e3","Stopped"
"BrokerInfrastructure","Running"
"BTAGService","Running"
"BthAvctpSvc","Running"
"bthserv","Running"
"camsvc","Running"
"CaptureService_13b6e3","Stopped"
"cbdhsvc_13b6e3","Running"
"CDPSvc","Running"
"CDPUserSvc_13b6e3","Running"
"CertPropSvc","Stopped"
"ClipSVC","Stopped"
"CloudBackupRestoreSvc_13b6e3","Stopped"
"cloudidsvc","Stopped"
"COMSysApp","Stopped"
"ConsentUxUserSvc_13b6e3","Stopped"
"CoreMessagingRegistrar","Running"
"CredentialEnrollmentManagerUserSvc_13b6e3","Stopped"
"CryptSvc","Running"
"CscService","Stopped"
"DcomLaunch","Running"
"dcsvc","Stopped"
"defragsvc","Stopped"
"Denuvo Anti-Cheat Update Service","Stopped"
"DeviceAssociationBrokerSvc_13b6e3","Stopped"
"DeviceAssociationService","Running"
"DeviceInstall","Running"
"DevicePickerUserSvc_13b6e3","Stopped"
"DevicesFlowUserSvc_13b6e3","Running"
"DevQueryBroker","Running"
"Dhcp","Running"
"diagsvc","Stopped"
"DiagTrack","Running"
"DialogBlockingService","Stopped"
"DispBrokerDesktopSvc","Running"
"DisplayEnhancementService","Stopped"
"DmEnrollmentSvc","Stopped"
"dmwappushservice","Stopped"
"Dnscache","Running"
"DoSvc","Running"
"dot3svc","Stopped"
"DPS","Running"
"DsmSvc","Stopped"
"DsSvc","Running"
"DusmSvc","Running"
"EABackgroundService","Stopped"
"EapHost","Stopped"
"EasyAntiCheat","Stopped"
"EasyAntiCheat_EOS","Stopped"
"edgeupdate","Stopped"
"edgeupdatem","Stopped"
"EFS","Stopped"
"embeddedmode","Stopped"
"EntAppSvc","Stopped"
"EpicGamesUpdater","Stopped"
"EpicOnlineServices","Stopped"
"EventLog","Running"
"EventSystem","Running"
"Fax","Stopped"
"fdPHost","Stopped"
"FDResPub","Stopped"
"fhsvc","Stopped"
"FontCache","Running"
"FontCache3.0.0.0","Stopped"
"FrameServer","Running"
"FrameServerMonitor","Running"
"FvSvc","Stopped"
"GalaxyClientService","Stopped"
"GalaxyCommunication","Stopped"
"GameInputRedistService","Running"
"GameInputSvc","Stopped"
"GamingServices","Running"
"GamingServicesNet","Running"
"GoogleChromeElevationService","Stopped"
"GoogleUpdaterInternalService149.0.7814.0","Stopped"
"GoogleUpdaterService149.0.7814.0","Stopped"
"gpsvc","Running"
"GraphicsPerfSvc","Stopped"
"gupdate","Stopped"
"gupdatem","Stopped"
"HgClientService","Stopped"
"hidserv","Running"
"HNS","Running"
"hpatchmon","Stopped"
"HvHost","Running"
"icssvc","Stopped"
"IKEEXT","Stopped"
"InstallService","Running"
"Intel(R) TPM Provisioning Service","Stopped"
"InventorySvc","Running"
"iphlpsvc","Running"
"IpxlatCfgSvc","Stopped"
"jhi_service","Running"
"KeyIso","Running"
"KtmRm","Stopped"
"LanmanServer","Running"
"LanmanWorkstation","Running"
"lfsvc","Running"
"LicenseManager","Running"
"lltdsvc","Stopped"
"lmhosts","Running"
"LocalKdc","Stopped"
"logi_lamparray_service","Running"
"LSM","Running"
"LxpSvc","Stopped"
"MapsBroker","Stopped"
"McmSvc","Stopped"
"McpManagementService","Stopped"
"MDCoreSvc","Running"
"MessagingService_13b6e3","Stopped"
"MicrosoftEdgeElevationService","Stopped"
"midisrv","Stopped"
"mpssvc","Running"
"MSDTC","Stopped"
"MSiSCSI","Stopped"
"msiserver","Stopped"
"MsKeyboardFilter","Stopped"
"NaturalAuthentication","Stopped"
"NcaSvc","Stopped"
"NcbService","Running"
"NcdAutoSetup","Stopped"
"Netlogon","Stopped"
"Netman","Running"
"netprofm","Running"
"NetSetupSvc","Stopped"
"NetTcpPortSharing","Stopped"
"NgcCtnrSvc","Running"
"NgcSvc","Running"
"NlaSvc","Stopped"
"npggsvc","Stopped"
"NPSMSvc_13b6e3","Running"
"nsi","Running"
"nvagent","Running"
"NvContainerLocalSystem","Running"
"NVDisplay.ContainerLocalSystem","Running"
"OneSyncSvc_13b6e3","Running"
"ose64","Stopped"
"OverwolfUpdater","Stopped"
"P9RdrService_13b6e3","Stopped"
"PcaSvc","Running"
"PeerDistSvc","Stopped"
"PenService_13b6e3","Stopped"
"perceptionsimulation","Stopped"
"PerfHost","Stopped"
"PhoneSvc","Running"
"PimIndexMaintenanceSvc_13b6e3","Running"
"pla","Stopped"
"PlugPlay","Running"
"PolicyAgent","Stopped"
"Power","Running"
"PrintDeviceConfigurationService","Stopped"
"PrintNotify","Stopped"
"PrintScanBrokerService","Stopped"
"PrintWorkflowUserSvc_13b6e3","Stopped"
"ProfSvc","Running"
"PushToInstall","Stopped"
"QWAVE","Running"
"RasAuto","Stopped"
"RasMan","Running"
"refsdedupsvc","Stopped"
"RemoteAccess","Stopped"
"RemoteRegistry","Stopped"
"RetailDemo","Stopped"
"RmSvc","Running"
"RpcEptMapper","Running"
"RpcLocator","Stopped"
"RpcSs","Running"
"RstMwService","Running"
"RtkAudioUniversalService","Running"
"SamSs","Running"
"SCardSvr","Stopped"
"ScDeviceEnum","Stopped"
"Schedule","Running"
"SCPolicySvc","Stopped"
"SDRSVC","Stopped"
"seclogon","Stopped"
"SecurityHealthService","Running"
"SEMgrSvc","Stopped"
"SENS","Running"
"Sense","Stopped"
"SensorDataService","Stopped"
"SensorService","Stopped"
"SensrSvc","Stopped"
"SessionEnv","Stopped"
"SharedAccess","Running"
"ShellHWDetection","Running"
"shpamsvc","Stopped"
"smphost","Stopped"
"SmsRouter","Stopped"
"SNMPTrap","Stopped"
"Spooler","Running"
"sppsvc","Stopped"
"SSDPSRV","Running"
"ssh-agent","Stopped"
"SstpSvc","Running"
"StateRepository","Running"
"Steam Client Service","Running"
"StiSvc","Stopped"
"StorSvc","Running"
"svsvc","Stopped"
"swprv","Stopped"
"SysMain","Running"
"SystemEventsBroker","Running"
"TapiSrv","Running"
"TavernComn_3_1","Running"
"TavernWorker_3_1","Stopped"
"TeamViewer","Stopped"
"TermService","Stopped"
"TextInputManagementService","Running"
"Themes","Running"
"TieringEngineService","Stopped"
"TimeBrokerSvc","Running"
"TokenBroker","Running"
"TrkWks","Running"
"TroubleshootingSvc","Stopped"
"TrustedInstaller","Stopped"
"tzautoupdate","Stopped"
"UdkUserSvc_13b6e3","Running"
"UevAgentService","Stopped"
"UmRdpService","Stopped"
"UnistoreSvc_13b6e3","Running"
"upnphost","Stopped"
"UserDataSvc_13b6e3","Running"
"UserManager","Running"
"UsoSvc","Running"
"VaultSvc","Running"
"vds","Stopped"
"vgc","Stopped"
"vmcompute","Running"
"vmicguestinterface","Stopped"
"vmicheartbeat","Stopped"
"vmickvpexchange","Stopped"
"vmicrdv","Stopped"
"vmicshutdown","Stopped"
"vmictimesync","Stopped"
"vmicvmsession","Stopped"
"vmicvss","Stopped"
"vmms","Running"
"VSS","Stopped"
"W32Time","Running"
"WaaSMedicSvc","Stopped"
"WalletService","Stopped"
"WarpJITSvc","Stopped"
"wbengine","Stopped"
"WbioSrvc","Stopped"
"Wcmsvc","Running"
"wcncsvc","Stopped"
"WdiServiceHost","Stopped"
"WdiSystemHost","Running"
"WdNisSvc","Running"
"WebClient","Stopped"
"webthreatdefsvc","Running"
"webthreatdefusersvc_13b6e3","Running"
"Wecsvc","Stopped"
"WEPHOSTSVC","Stopped"
"wercplsupport","Stopped"
"WerSvc","Stopped"
"WFDSConMgrSvc","Stopped"
"whesvc","Running"
"WiaRpc","Stopped"
"WinDefend","Running"
"WinHttpAutoProxySvc","Running"
"Winmgmt","Running"
"WinRM","Stopped"
"wisvc","Stopped"
"WlanSvc","Running"
"wlidsvc","Stopped"
"wlpasvc","Stopped"
"WManSvc","Stopped"
"wmiApSrv","Stopped"
"WMIRegistrationService","Running"
"WMPNetworkSvc","Stopped"
"workfolderssvc","Stopped"
"WpcMonSvc","Stopped"
"WPDBusEnum","Stopped"
"WpnService","Running"
"WpnUserService_13b6e3","Running"
"WSAIFabricSvc","Running"
"wscsvc","Running"
"WSearch","Running"
"wuauserv","Stopped"
"wuqisvc","Running"
"WwanSvc","Stopped"
"XblAuthManager","Running"
"XblGameSave","Stopped"
"XboxGipSvc","Stopped"
"XboxNetApiSvc","Stopped"
